<?xml version="1.0" encoding="UTF-8"?>
<window type="dialog" id="2000">
    <defaultcontrol>100</defaultcontrol>
    <coordinates>
        <system>1</system>
        <posx>0</posx>
        <posy>0</posy>
    </coordinates>
    
    <controls>
        <!-- Background -->
        <control type="image">
            <posx>0</posx>
            <posy>0</posy>
            <width>1920</width>
            <height>1080</height>
            <colordiffuse>FF000000</colordiffuse>
        </control>
        
        <!-- Sidebar Panel (Sections List) -->
        <control type="list" id="100">
            <description>Sections List</description>
            <posx>20</posx>
            <posy>80</posy>
            <width>350</width>
            <height>920</height>
            <onup>100</onup>
            <ondown>100</ondown>
            <onleft>500</onleft>
            <onright>200</onright>
            <orientation>vertical</orientation>
            <scrolltime>300</scrolltime>
            
            <itemlayout height="80" width="350">
                <control type="image">
                    <posx>10</posx>
                    <posy>5</posy>
                    <width>330</width>
                    <height>70</height>
                    <colordiffuse>FF1A1A1A</colordiffuse>
                </control>
                <control type="image">
                    <posx>25</posx>
                    <posy>20</posy>
                    <width>40</width>
                    <height>40</height>
                    <aspectratio>keep</aspectratio>
                    <texture>$INFO[ListItem.Icon]</texture>
                </control>
                <control type="label">
                    <posx>80</posx>
                    <posy>20</posy>
                    <width>250</width>
                    <height>40</height>
                    <font>font13</font>
                    <textcolor>FFCCCCCC</textcolor>
                    <selectedcolor>FFE5A00D</selectedcolor>
                    <align>left</align>
                    <aligny>center</aligny>
                    <label>$INFO[ListItem.Label]</label>
                </control>
            </itemlayout>
            
            <focusedlayout height="80" width="350">
                <control type="image">
                    <posx>10</posx>
                    <posy>5</posy>
                    <width>330</width>
                    <height>70</height>
                    <colordiffuse>FFE5A00D</colordiffuse>
                </control>
                <control type="image">
                    <posx>25</posx>
                    <posy>20</posy>
                    <width>40</width>
                    <height>40</height>
                    <aspectratio>keep</aspectratio>
                    <texture>$INFO[ListItem.Icon]</texture>
                </control>
                <control type="label">
                    <posx>80</posx>
                    <posy>20</posy>
                    <width>250</width>
                    <height>40</height>
                    <font>font13_title</font>
                    <textcolor>FFFFFFFF</textcolor>
                    <align>left</align>
                    <aligny>center</aligny>
                    <label>$INFO[ListItem.Label]</label>
                </control>
            </focusedlayout>
        </control>
        
        <!-- Content Panel -->
        <control type="list" id="200">
            <description>Content List</description>
            <posx>390</posx>
            <posy>120</posy>
            <width>1500</width>
            <height>880</height>
            <onup>200</onup>
            <ondown>200</ondown>
            <onleft>100</onleft>
            <onright>200</onright>
            <orientation>vertical</orientation>
            <scrolltime>300</scrolltime>
            
            <itemlayout height="140" width="1480">
                <control type="image">
                    <posx>10</posx>
                    <posy>5</posy>
                    <width>1460</width>
                    <height>130</height>
                    <colordiffuse>FF202020</colordiffuse>
                </control>
                <control type="image">
                    <posx>20</posx>
                    <posy>20</posy>
                    <width>180</width>
                    <height>100</height>
                    <aspectratio>scale</aspectratio>
                    <texture>$INFO[ListItem.Art(thumb)]</texture>
                </control>
                <control type="label">
                    <posx>220</posx>
                    <posy>25</posy>
                    <width>800</width>
                    <height>30</height>
                    <font>font14</font>
                    <textcolor>FFFFFFFF</textcolor>
                    <align>left</align>
                    <label>$INFO[ListItem.Label]</label>
                </control>
                <control type="label">
                    <posx>220</posx>
                    <posy>55</posy>
                    <width>600</width>
                    <height>25</height>
                    <font>font12</font>
                    <textcolor>FFCCCCCC</textcolor>
                    <align>left</align>
                    <label>$INFO[ListItem.Label2]</label>
                </control>
                <control type="textbox">
                    <posx>220</posx>
                    <posy>80</posy>
                    <width>1000</width>
                    <height>40</height>
                    <font>font10</font>
                    <textcolor>FF999999</textcolor>
                    <align>left</align>
                    <label>$INFO[ListItem.Property(description)]</label>
                </control>
            </itemlayout>
            
            <focusedlayout height="140" width="1480">
                <control type="image">
                    <posx>5</posx>
                    <posy>0</posy>
                    <width>1470</width>
                    <height>140</height>
                    <colordiffuse>FFE5A00D</colordiffuse>
                </control>
                <control type="image">
                    <posx>10</posx>
                    <posy>5</posy>
                    <width>1460</width>
                    <height>130</height>
                    <colordiffuse>FF2A2A2A</colordiffuse>
                </control>
                <control type="image">
                    <posx>20</posx>
                    <posy>20</posy>
                    <width>180</width>
                    <height>100</height>
                    <aspectratio>scale</aspectratio>
                    <texture>$INFO[ListItem.Art(thumb)]</texture>
                </control>
                <control type="label">
                    <posx>220</posx>
                    <posy>25</posy>
                    <width>800</width>
                    <height>30</height>
                    <font>font14_title</font>
                    <textcolor>FFFFFFFF</textcolor>
                    <shadowcolor>FF000000</shadowcolor>
                    <align>left</align>
                    <label>$INFO[ListItem.Label]</label>
                </control>
                <control type="label">
                    <posx>220</posx>
                    <posy>55</posy>
                    <width>600</width>
                    <height>25</height>
                    <font>font12</font>
                    <textcolor>FFDDDDDD</textcolor>
                    <align>left</align>
                    <label>$INFO[ListItem.Label2]</label>
                </control>
                <control type="textbox">
                    <posx>220</posx>
                    <posy>80</posy>
                    <width>1000</width>
                    <height>40</height>
                    <font>font10</font>
                    <textcolor>FFAAAAAA</textcolor>
                    <align>left</align>
                    <label>$INFO[ListItem.Property(description)]</label>
                </control>
                <control type="label">
                    <posx>1350</posx>
                    <posy>25</posy>
                    <width>100</width>
                    <height>25</height>
                    <font>font12</font>
                    <textcolor>FFFFE000</textcolor>
                    <align>right</align>
                    <aligny>center</aligny>
                    <label>★ $INFO[ListItem.Property(rating)]</label>
                    <visible>!IsEmpty(ListItem.Property(rating))</visible>
                </control>
            </focusedlayout>
        </control>
        
        <!-- Top Bar -->
        <control type="group">
            <posx>20</posx>
            <posy>20</posy>
            <width>1880</width>
            <height>50</height>
            
            <control type="label">
                <posx>0</posx>
                <posy>0</posy>
                <width>800</width>
                <height>40</height>
                <font>font24_title</font>
                <textcolor>FFE5A00D</textcolor>
                <shadowcolor>FF000000</shadowcolor>
                <align>left</align>
                <aligny>center</aligny>
                <label>Plex Vertical UI</label>
            </control>
        </control>
        
        <!-- Bottom Buttons -->
        <control type="group">
            <posx>20</posx>
            <posy>1020</posy>
            <width>350</width>
            <height>50</height>
            
            <control type="button" id="300">
                <description>Search Button</description>
                <posx>0</posx>
                <posy>0</posy>
                <width>110</width>
                <height>40</height>
                <onup>100</onup>
                <ondown>100</ondown>
                <onleft>500</onleft>
                <onright>400</onright>
                <font>font12</font>
                <textcolor>FFCCCCCC</textcolor>
                <focusedcolor>FFFFFFFF</focusedcolor>
                <label>Buscar</label>
                <align>center</align>
            </control>
            
            <control type="button" id="400">
                <description>Settings Button</description>
                <posx>120</posx>
                <posy>0</posy>
                <width>110</width>
                <height>40</height>
                <onup>100</onup>
                <ondown>100</ondown>
                <onleft>300</onleft>
                <onright>500</onright>
                <font>font12</font>
                <textcolor>FFCCCCCC</textcolor>
                <focusedcolor>FFFFFFFF</focusedcolor>
                <label>Config</label>
                <align>center</align>
            </control>
            
            <control type="button" id="500">
                <description>User Button</description>
                <posx>240</posx>
                <posy>0</posy>
                <width>110</width>
                <height>40</height>
                <onup>100</onup>
                <ondown>100</ondown>
                <onleft>400</onleft>
                <onright>300</onright>
                <font>font12</font>
                <textcolor>FFCCCCCC</textcolor>
                <focusedcolor>FFFFFFFF</focusedcolor>
                <label>Usuario</label>
                <align>center</align>
            </control>
        </control>
    </controls>
</window>