<?xml version="1.0" encoding="UTF-8" standalone="yes"?>
<addon id="script.plexmod.verticalui"
       name="Plex Vertical UI - Standalone"
       version="2.0.1"
       provider-name="Moids">
    <requires>
        <import addon="xbmc.python" version="3.0.0"/>
        <import addon="script.module.requests" />
        <import addon="script.module.six" />
    </requires>
    <extension point="xbmc.python.script" library="default.py">
        <provides>executable</provides>
    </extension>
    <extension point="xbmc.addon.metadata">
        <platform>all</platform>
        <summary lang="en_GB">Modern Vertical UI for Plex - Standalone Edition</summary>
        <summary lang="es_ES">UI Vertical Moderna para Plex - Edición Independiente</summary>
        <description lang="en_GB">Standalone Plex client with modern vertical navigation design. Features Netflix-like interface with smooth animations, vertical scrolling, and optimized remote control navigation. No dependencies required!</description>
        <description lang="es_ES">Cliente independiente de Plex con diseño de navegación vertical moderna. Incluye interfaz tipo Netflix con animaciones suaves, scroll vertical y navegación optimizada para mando a distancia. ¡No requiere dependencias!</description>
        <disclaimer lang="en_GB">Independent Plex client. Use at your own risk.</disclaimer>
        <disclaimer lang="es_ES">Cliente independiente de Plex. Úsalo bajo tu propio riesgo.</disclaimer>
        <license>GPL-2.0-only</license>
        <news>
v2.0.1 (2025-12-25)
- Improved first-run configuration dialog
- Better feedback after settings configuration
- Added CONFIGURACION.md guide with token instructions
- Fixed configuration flow to verify both URL and token

v2.0.0 (2025-12-25)
- Complete standalone rewrite
- Modern vertical navigation UI
- Netflix-like interface design
- No PM4K dependencies required
- Direct Plex API integration
- Smooth animations and transitions
- Optimized for TV and remote control
        </news>
    </extension>
</addon>
